{"train_loss": [4.731096804385715, 3.980550443013509, 3.5161429486592612, 3.1915110725402833, 2.9294704478793676, 2.729667157575819, 2.560478206210666, 2.408297314368354, 2.2733534926520456, 2.1626492183685304, 2.046069775390625, 1.9487762746598984, 1.869066702609592, 1.7771320333268907, 1.6951081992255317, 1.6261897143469917, 1.553154546356201, 1.4875777061462403, 1.4210963173972235, 1.3641756405300565, 1.3077976088417902, 1.2573870673921372, 1.202088964123196, 1.150442571428087, 1.1014702851613363, 1.0638185068978203, 1.0072355606079102, 0.9724628870434231, 0.9307409270816379, 0.8902368777169122, 0.8528318934546577, 0.8115651368670993, 0.7602597339418199, 0.7326861759609646, 0.7021515111711291, 0.6702201171663072, 0.639898348903656, 0.6096380631976658, 0.5688015135447184, 0.5417907858106825, 0.5048285526063707, 0.4935091783629523, 0.45445991412268744, 0.4220588940090603, 0.3933326291402181, 0.3717070387840271, 0.34979569411807593, 0.3134187216917674, 0.2968069126605988, 0.2737961842536926, 0.2592255308787028, 0.2255976428773668, 0.20530641951296064, 0.1791727536731296, 0.1770346245182885, 0.1486463234424591, 0.1329835461364852, 0.116156065928936, 0.10084471210638682, 0.08422329949935277, 0.0638356701625718, 0.05637214738561047, 0.0441837465915415, 0.035753525505132146, 0.03202815072801378, 0.030034734813372294, 0.023715511593553756, 0.020248692165149584, 0.01796570085419549, 0.016868370497392284, 0.016406273806260693, 0.015114107445544667, 0.014294522763623132, 0.013948521437247594, 0.013575084620051914, 0.013042691931625208, 0.013386990215049849, 0.012991808276043997, 0.012426678891148832, 0.01252773069077068, 0.012557224963274266, 0.012167261563738187, 0.012033456582493253, 0.011810088617437415, 0.011843611901667384, 0.01160454408923785, 0.011510249824821949, 0.01139919095337391, 0.011521684273084004, 0.011281494364639124, 0.01125727288275957, 0.011328302945362197, 0.011207299013270272, 0.01125626543843084, 0.011077424183487892, 0.011103650623228815, 0.011086906080444653, 0.011073673104577594, 0.011101824050148328, 0.010939536525143517], "train_acc": [0.047711111111111114, 0.1268, 0.19554444444444444, 0.2561555555555556, 0.3056, 0.34852222222222223, 0.3794222222222222, 0.4115888888888889, 0.44176666666666664, 0.4659333333333333, 0.48984444444444447, 0.5126777777777778, 0.5284111111111112, 0.5495888888888889, 0.5691666666666667, 0.5849444444444445, 0.6005888888888888, 0.6176666666666667, 0.6308888888888889, 0.6458444444444444, 0.6587, 0.6701444444444444, 0.6828, 0.6960333333333333, 0.7065111111111111, 0.7148333333333333, 0.7296666666666667, 0.7369888888888889, 0.7472222222222222, 0.7575444444444445, 0.7678444444444444, 0.7795, 0.7897777777777778, 0.7983555555555556, 0.8057777777777778, 0.8132333333333334, 0.8226111111111111, 0.8300555555555555, 0.8412888888888889, 0.8479888888888889, 0.8585222222222222, 0.8623333333333333, 0.8734222222222222, 0.8822444444444445, 0.8899777777777778, 0.8963777777777778, 0.9033888888888889, 0.9140111111111111, 0.9194222222222223, 0.9259777777777778, 0.9295888888888889, 0.9396888888888889, 0.9460888888888889, 0.9542777777777778, 0.9547333333333333, 0.9635444444444444, 0.9681, 0.9729555555555556, 0.9780333333333333, 0.9823888888888889, 0.9881666666666666, 0.9901555555555556, 0.9935111111111111, 0.9954888888888889, 0.9963555555555555, 0.9965555555555555, 0.9978666666666667, 0.9986, 0.9989222222222223, 0.9991, 0.9992777777777778, 0.9993222222222222, 0.9994444444444445, 0.9995555555555555, 0.9996333333333334, 0.9996, 0.9995111111111111, 0.9995888888888889, 0.9997444444444444, 0.9996666666666667, 0.9996555555555555, 0.9996444444444444, 0.9997, 0.9997555555555555, 0.9996888888888888, 0.9997444444444444, 0.9997444444444444, 0.9997444444444444, 0.9997333333333334, 0.9997666666666667, 0.9998666666666667, 0.9997555555555555, 0.9997222222222222, 0.9997, 0.9997888888888888, 0.9997555555555555, 0.9997777777777778, 0.9998, 0.9998, 0.9997222222222222], "val_loss": [4.272022378540039, 3.81966662979126, 3.364625312423706, 3.01940613822937, 2.9032912086486817, 2.803991759490967, 2.6094637756347656, 2.456651220703125, 2.3369243572235106, 2.30081516456604, 2.2051794734954835, 2.2168200134277343, 2.123326640701294, 2.134109694290161, 2.068999535369873, 2.0812712589263915, 2.0347525718688964, 2.066547130203247, 2.0199341024398803, 2.034979546356201, 2.0519103397369385, 2.0321677001953127, 1.997383098602295, 2.0536688053131105, 2.0444550861358644, 2.008770510482788, 2.102777938079834, 2.090648487472534, 2.1221264041900634, 2.09334988155365, 2.2328100967407227, 2.116076054763794, 2.084263617706299, 2.1445216316223146, 2.1326756916046143, 2.238008981323242, 2.1602933095932007, 2.1567364360809327, 2.1884139770507813, 2.187399440383911, 2.2663197273254396, 2.160703627586365, 2.310209634780884, 2.273514001464844, 2.187074096298218, 2.1685661766052244, 2.230500956726074, 2.214289183807373, 2.3558314500808715, 2.2398193519592287, 2.215970348739624, 2.230591847229004, 2.173398505783081, 2.2413590118408204, 2.203181693267822, 2.1826031089782716, 2.124967748260498, 2.1145532154083253, 2.1215468975067138, 2.038492833709717, 2.020914675521851, 2.0764698081970216, 1.9878954105377198, 1.9592274009704589, 1.97004885597229, 1.9104849502563477, 1.8662791566848755, 1.8769874410629273, 1.8530113693237305, 1.840402935409546, 1.8422276559829711, 1.829469739151001, 1.8201970808029175, 1.8010255084991456, 1.7984330350875855, 1.7961927974700929, 1.7842558723449706, 1.7987142126083373, 1.8014667667388915, 1.795209552001953, 1.7889219686508178, 1.7753173694610596, 1.7966351245880128, 1.7765219242095946, 1.7850167140960693, 1.7836801118850707, 1.7712717306137085, 1.7760197038650514, 1.7760824741363526, 1.7680625629425049, 1.7818929069519043, 1.7649682012557983, 1.778236958694458, 1.7811605857849122, 1.7757624706268311, 1.76849559135437, 1.7611850709915162, 1.77664281539917, 1.7762113214492798, 1.7734044137954712], "val_acc": [0.0943, 0.154, 0.2255, 0.288, 0.3241, 0.338, 0.3713, 0.405, 0.4312, 0.4388, 0.4638, 0.4687, 0.4807, 0.4843, 0.4974, 0.499, 0.5149, 0.5066, 0.5176, 0.5179, 0.518, 0.5276, 0.5339, 0.524, 0.5264, 0.5345, 0.5269, 0.5326, 0.5287, 0.5403, 0.5186, 0.5316, 0.5461, 0.5292, 0.5327, 0.5258, 0.5322, 0.5349, 0.535, 0.5346, 0.5215, 0.5418, 0.5283, 0.54, 0.5459, 0.5455, 0.5389, 0.5444, 0.5353, 0.5452, 0.5527, 0.5506, 0.5591, 0.5495, 0.553, 0.5589, 0.5659, 0.5729, 0.5671, 0.5806, 0.5835, 0.5781, 0.5918, 0.5932, 0.5885, 0.599, 0.6021, 0.6006, 0.6067, 0.6112, 0.605, 0.6088, 0.6067, 0.6121, 0.6103, 0.6122, 0.6114, 0.6121, 0.6144, 0.6116, 0.612, 0.6112, 0.6135, 0.6144, 0.6098, 0.6151, 0.6171, 0.6149, 0.613, 0.6142, 0.6128, 0.6145, 0.615, 0.6141, 0.6104, 0.6149, 0.6145, 0.6118, 0.6111, 0.6148],